[
  {
    "id": 1,
    "name": "Atlanta Community Food Bank",
    "address": "732 Joseph E Lowery Blvd NW",
    "city": "Atlanta",
    "state": "GA",
    "zipCode": "30318",
    "county": "Fulton",
    "latitude": 33.7629,
    "longitude": -84.4283,
    "phone": "(404) 892-9822",
    "website": "https://www.acfb.org",
    "description": "Provides food assistance through a network of partner agencies. Main distribution center and resources.",
    "services": ["Food Pantry", "Mobile Pantry", "Partner Network"],
    "hours": "Monday-Friday: 8:00 AM - 5:00 PM"
  },
  {
    "id": 2,
    "name": "YMCA of Metro Atlanta - Hunger Relief",
    "address": "100 Edgewood Ave NE",
    "city": "Atlanta",
    "state": "GA",
    "zipCode": "30303",
    "county": "Fulton",
    "phone": "(404) 588-9622",
    "website": "https://www.ymcaatlanta.org/hunger-relief",
    "description": "Multiple locations offering free meals and food pantry services.",
    "services": ["Free Meals", "Food Pantry", "Youth Programs"],
    "hours": "Varies by location",
    "latitude": 33.7548,
    "longitude": -84.3856
  },
  {
    "id": 3,
    "name": "DeKalb County Public Library - Food Pantry",
    "address": "215 Sycamore St",
    "city": "Decatur",
    "state": "GA",
    "zipCode": "30030",
    "county": "DeKalb",
    "phone": "(404) 370-8450",
    "website": "https://www.dekalbcountyga.gov/libraries",
    "description": "Food pantry services available at select DeKalb library branches.",
    "services": ["Food Pantry", "Community Resources"],
    "hours": "Monday-Saturday: 10:00 AM - 6:00 PM",
    "latitude": 33.774,
    "longitude": -84.294
  },
  {
    "id": 4,
    "name": "The Grocery Spot ATL",
    "address": "Various Mobile Locations",
    "city": "Atlanta",
    "state": "GA",
    "zipCode": "30303",
    "county": "Fulton",
    "latitude": 33.749,
    "longitude": -84.388,
    "phone": "(404) 555-0100",
    "website": "https://www.thegroceryspot.org",
    "description": "Mobile food pantry serving multiple Atlanta neighborhoods.",
    "services": ["Mobile Pantry", "Fresh Produce", "Grocery Delivery"],
    "hours": "Check website for mobile schedule"
  },
  {
    "id": 5,
    "name": "Must Ministries",
    "address": "1210 Johnson Ferry Rd",
    "city": "Marietta",
    "state": "GA",
    "zipCode": "30068",
    "county": "Cobb",
    "phone": "(770) 429-1277",
    "website": "https://www.mustministries.org",
    "description": "Provides food, shelter, and supportive services to families in crisis.",
    "services": ["Food Pantry", "Emergency Assistance", "Case Management"],
    "hours": "Monday-Friday: 9:00 AM - 5:00 PM",
    "latitude": 33.9799,
    "longitude": -84.4181
  },
  {
    "id": 6,
    "name": "North Fulton Community Charities",
    "address": "11270 Elkins Rd",
    "city": "Roswell",
    "state": "GA",
    "zipCode": "30076",
    "county": "Fulton",
    "latitude": 34.0533,
    "longitude": -84.3356,
    "phone": "(770) 640-0399",
    "website": "https://www.nfcchelp.org",
    "description": "Serves North Fulton County with food pantry and emergency assistance.",
    "services": ["Food Pantry", "Financial Assistance", "Clothing"],
    "hours": "Monday-Thursday: 9:00 AM - 4:00 PM"
  },
  {
    "id": 7,
    "name": "Gateway Center",
    "address": "275 Pryor St SW",
    "city": "Atlanta",
    "state": "GA",
    "zipCode": "30303",
    "county": "Fulton",
    "phone": "(404) 215-6600",
    "website": "https://www.gatewayctr.org",
    "description": "Provides meals and comprehensive services for individuals experiencing homelessness.",
    "services": ["Free Meals", "Shelter", "Case Management"],
    "hours": "24/7",
    "latitude": 33.7476,
    "longitude": -84.3946
  },
  {
    "id": 8,
    "name": "Hosea Feed the Hungry",
    "address": "200 Hightower Rd NW",
    "city": "Atlanta",
    "state": "GA",
    "zipCode": "30318",
    "county": "Fulton",
    "phone": "(404) 755-3353",
    "website": "https://www.hoseahelps.org",
    "description": "Year-round food programs and holiday meal distributions.",
    "services": ["Food Pantry", "Holiday Meals", "Senior Programs"],
    "hours": "Monday-Friday: 9:00 AM - 5:00 PM",
    "latitude": 33.778,
    "longitude": -84.4743
  },
  {
    "id": 9,
    "name": "Emmaus House",
    "address": "1014 South Gordon St SW",
    "city": "Atlanta",
    "state": "GA",
    "zipCode": "30310",
    "county": "Fulton",
    "phone": "(404) 874-4756",
    "website": "https://www.emmaushouse.org",
    "description": "Community center providing food assistance and support services.",
    "services": ["Food Pantry", "Youth Programs", "Senior Services"],
    "hours": "Tuesday-Thursday: 10:00 AM - 2:00 PM",
    "latitude": 33.7397,
    "longitude": -84.4398
  },
  {
    "id": 10,
    "name": "Community Assistance Center",
    "address": "4300 Ponce de Leon Ave",
    "city": "Clarkston",
    "state": "GA",
    "zipCode": "30021",
    "county": "DeKalb",
    "phone": "(404) 296-9861",
    "website": "https://www.caction.org",
    "description": "Provides food, clothing, and emergency assistance to DeKalb County residents.",
    "services": ["Food Pantry", "Clothing", "Emergency Assistance"],
    "hours": "Monday-Friday: 9:00 AM - 4:30 PM",
    "latitude": 33.8133,
    "longitude": -84.2374
  },
  {
    "id": 11,
    "name": "Samaritan House",
    "address": "1600 Church St",
    "city": "Decatur",
    "state": "GA",
    "zipCode": "30033",
    "county": "DeKalb",
    "phone": "(404) 377-5648",
    "website": "https://www.samaritanhouseatl.org",
    "description": "Food pantry serving Decatur and surrounding areas.",
    "services": ["Food Pantry", "Emergency Food"],
    "hours": "Monday-Friday: 10:00 AM - 3:00 PM",
    "latitude": 33.7893,
    "longitude": -84.2879
  },
  {
    "id": 12,
    "name": "St. Vincent de Paul Georgia",
    "address": "2050 Marietta Blvd NW",
    "city": "Atlanta",
    "state": "GA",
    "zipCode": "30318",
    "county": "Fulton",
    "phone": "(404) 351-5050",
    "website": "https://www.svdpgeorgia.org",
    "description": "Provides food, furniture, and support to families in need.",
    "services": ["Food Pantry", "Furniture Bank", "Home Visits"],
    "hours": "Monday-Saturday: 9:00 AM - 5:00 PM",
    "latitude": 33.8118,
    "longitude": -84.4392
  },
  {
    "id": 13,
    "name": "Open Hand Atlanta",
    "address": "1715 Baltimore Pl SE",
    "city": "Atlanta",
    "state": "GA",
    "zipCode": "30316",
    "county": "Fulton",
    "latitude": 33.7244,
    "longitude": -84.3485,
    "phone": "(770) 416-7530",
    "website": "https://www.openhandatlanta.org",
    "description": "Meal delivery service for individuals living with chronic illnesses.",
    "services": ["Meal Delivery", "Nutrition Support", "Grocery Programs"],
    "hours": "Monday-Friday: 8:00 AM - 5:00 PM"
  },
  {
    "id": 14,
    "name": "Nourish Food Bank",
    "address": "5900 North Allen Rd",
    "city": "Peachtree Corners",
    "state": "GA",
    "zipCode": "30092",
    "county": "Gwinnett",
    "latitude": 33.967,
    "longitude": -84.2203,
    "phone": "(770) 449-4111",
    "website": "https://www.nourishgwinnett.org",
    "description": "Serves Gwinnett County with food pantry and nutrition programs.",
    "services": ["Food Pantry", "Mobile Pantry", "Senior Programs"],
    "hours": "Monday-Friday: 9:00 AM - 4:00 PM"
  },
  {
    "id": 15,
    "name": "Good Samaritan Health Center",
    "address": "1015 Donald Lee Hollowell Pkwy NW",
    "city": "Atlanta",
    "state": "GA",
    "zipCode": "30318",
    "county": "Fulton",
    "phone": "(404) 523-6571",
    "website": "https://www.goodsamatlanta.org",
    "description": "Healthcare and food assistance for uninsured individuals.",
    "services": ["Food Pantry", "Healthcare", "Pharmacy"],
    "hours": "Monday-Thursday: 8:00 AM - 5:00 PM",
    "latitude": 33.7733,
    "longitude": -84.4224
  },
  {
    "id": 16,
    "name": "Lawrenceville Cooperative Ministry",
    "address": "385 Grayson Hwy",
    "city": "Lawrenceville",
    "state": "GA",
    "zipCode": "30046",
    "county": "Gwinnett",
    "latitude": 33.9414,
    "longitude": -83.9828,
    "phone": "(770) 962-6160",
    "website": "https://www.lawrencevillecoop.org",
    "description": "Emergency assistance including food and financial support.",
    "services": ["Food Pantry", "Financial Assistance", "Clothing"],
    "hours": "Monday-Friday: 9:00 AM - 4:00 PM"
  },
  {
    "id": 17,
    "name": "Interfaith Outreach Home",
    "address": "1590 English St NW",
    "city": "Atlanta",
    "state": "GA",
    "zipCode": "30318",
    "county": "Fulton",
    "phone": "(404) 367-0909",
    "website": "https://www.iohomeless.org",
    "description": "Provides meals and shelter services for homeless families.",
    "services": ["Free Meals", "Shelter", "Case Management"],
    "hours": "24/7",
    "latitude": 33.7933,
    "longitude": -84.4199
  },
  {
    "id": 18,
    "name": "Rainbow Village",
    "address": "4818 Snapfinger Woods Dr",
    "city": "Decatur",
    "state": "GA",
    "zipCode": "30035",
    "county": "DeKalb",
    "latitude": 33.7065,
    "longitude": -84.2426,
    "phone": "(770) 986-1333",
    "website": "https://www.rainbowvillage.org",
    "description": "Transitional housing and food support for homeless families.",
    "services": ["Food Pantry", "Housing Support", "Childcare"],
    "hours": "Monday-Friday: 9:00 AM - 5:00 PM"
  },
  {
    "id": 19,
    "name": "Salvation Army - Atlanta",
    "address": "800 Martin St SE",
    "city": "Atlanta",
    "state": "GA",
    "zipCode": "30315",
    "county": "Fulton",
    "phone": "(404) 486-7900",
    "website": "https://www.salvationarmyatlanta.org",
    "description": "Multiple locations offering food pantry and emergency services.",
    "services": ["Food Pantry", "Emergency Assistance", "Shelter"],
    "hours": "Varies by location",
    "latitude": 33.7327,
    "longitude": -84.3842
  },
  {
    "id": 20,
    "name": "Community Outreach Center",
    "address": "2720 Bankhead Hwy",
    "city": "Austell",
    "state": "GA",
    "zipCode": "30106",
    "county": "Cobb",
    "latitude": 33.8043,
    "longitude": -84.6371,
    "phone": "(770) 941-4300",
    "website": "https://www.communityoutreachcenter.org",
    "description": "Food pantry and support services for Cobb County residents.",
    "services": ["Food Pantry", "Financial Assistance", "Thrift Store"],
    "hours": "Monday-Friday: 9:00 AM - 4:00 PM"
  },
  {
    "id": 21,
    "name": "Ser Familia",
    "address": "3155 Peachtree Industrial Blvd",
    "city": "Duluth",
    "state": "GA",
    "zipCode": "30096",
    "county": "Gwinnett",
    "latitude": 33.9908,
    "longitude": -84.1696,
    "phone": "(770) 476-7797",
    "website": "https://www.serfamilia.org",
    "description": "Bilingual services including food assistance for Latino families.",
    "services": ["Food Pantry", "Case Management", "Education"],
    "hours": "Monday-Friday: 9:00 AM - 5:00 PM"
  },
  {
    "id": 22,
    "name": "Action Ministries",
    "address": "3830 North Druid Hills Rd",
    "city": "Decatur",
    "state": "GA",
    "zipCode": "30033",
    "county": "DeKalb",
    "latitude": 33.8232,
    "longitude": -84.3127,
    "phone": "(404) 321-3854",
    "website": "https://www.actionministries.org",
    "description": "Emergency food and financial assistance for DeKalb residents.",
    "services": ["Food Pantry", "Financial Assistance", "Case Management"],
    "hours": "Monday-Friday: 10:00 AM - 2:00 PM"
  },
  {
    "id": 23,
    "name": "New Life Community Ministries",
    "address": "3592 Chamblee Tucker Rd",
    "city": "Atlanta",
    "state": "GA",
    "zipCode": "30341",
    "county": "DeKalb",
    "latitude": 33.8862,
    "longitude": -84.2778,
    "phone": "(770) 457-1200",
    "website": "https://www.newlifecm.org",
    "description": "Food pantry and support services for Chamblee area.",
    "services": ["Food Pantry", "After School Programs", "English Classes"],
    "hours": "Tuesday, Thursday: 10:00 AM - 1:00 PM"
  },
  {
    "id": 24,
    "name": "Helping Hands Center",
    "address": "2550 Sandy Plains Rd",
    "city": "Marietta",
    "state": "GA",
    "zipCode": "30066",
    "county": "Cobb",
    "phone": "(770) 427-9862",
    "website": "https://www.helpinghandscenter.org",
    "description": "Food pantry serving East Cobb and surrounding areas.",
    "services": ["Food Pantry", "Emergency Assistance"],
    "hours": "Monday-Friday: 10:00 AM - 3:00 PM",
    "latitude": 33.9966,
    "longitude": -84.528
  },
  {
    "id": 25,
    "name": "Goodr",
    "address": "Various Locations",
    "city": "Atlanta",
    "state": "GA",
    "zipCode": "30303",
    "county": "Fulton",
    "latitude": 33.749,
    "longitude": -84.388,
    "phone": "(404) 555-0123",
    "website": "https://www.goodr.co",
    "description": "Food rescue and distribution to combat hunger and reduce waste.",
    "services": ["Food Distribution", "Mobile Pantry", "Community Popups"],
    "hours": "Check website for popup schedule"
  },
  {
    "id": 26,
    "name": "Metro-Atlanta Georgia Community Food Bank",
    "address": "2020 Marietta Blvd NW",
    "city": "Atlanta",
    "state": "GA",
    "zipCode": "30318",
    "county": "Fulton",
    "phone": "(404) 892-3333",
    "website": "https://mgcfb.org",
    "description": "Large food bank serving metro Atlanta with multiple distribution sites and partner agencies.",
    "services": ["Food Pantry", "Mobile Pantry", "Partner Agency Network"],
    "hours": "Monday-Friday: 9:00 AM - 5:00 PM",
    "latitude": 33.811,
    "longitude": -84.439
  },
  {
    "id": 27,
    "name": "Helping In His Name",
    "address": "8896 Dunwoody Place",
    "city": "Atlanta",
    "state": "GA",
    "zipCode": "30350",
    "county": "Fulton",
    "latitude": 33.9351,
    "longitude": -84.3304,
    "phone": "(770) 396-8890",
    "website": "https://helpinginhisname.org",
    "description": "Faith-based food pantry serving North Atlanta and Sandy Springs area.",
    "services": ["Food Pantry", "Emergency Food", "Community Support"],
    "hours": "Tuesday, Thursday: 10:00 AM - 1:00 PM"
  },
  {
    "id": 28,
    "name": "Southern Crescent Resource Ministry",
    "address": "187 W Campbellton St",
    "city": "Fairburn",
    "state": "GA",
    "zipCode": "30213",
    "county": "Fulton",
    "latitude": 33.5714,
    "longitude": -84.5844,
    "phone": "(770) 969-4673",
    "website": "http://www.southerncrescentresourceministry.com",
    "description": "Serving South Fulton with food assistance and community resources.",
    "services": ["Food Pantry", "Emergency Assistance", "Community Resources"],
    "hours": "Monday-Friday: 9:00 AM - 4:00 PM"
  },
  {
    "id": 29,
    "name": "One Clayton - A Doorway of Hope",
    "address": "7610 N McDonough St",
    "city": "Jonesboro",
    "state": "GA",
    "zipCode": "30236",
    "county": "Clayton",
    "latitude": 33.5218,
    "longitude": -84.3548,
    "phone": "(770) 478-3803",
    "website": "https://www.oneclayton.org",
    "description": "Comprehensive services including food pantry for Clayton County residents.",
    "services": ["Food Pantry", "Clothing", "Financial Assistance"],
    "hours": "Monday-Thursday: 9:00 AM - 4:00 PM"
  },
  {
    "id": 30,
    "name": "Clayton State University Food Pantry",
    "address": "2000 Clayton State Blvd",
    "city": "Morrow",
    "state": "GA",
    "zipCode": "30260",
    "county": "Clayton",
    "latitude": 33.5929,
    "longitude": -84.3292,
    "phone": "(678) 466-4000",
    "website": "https://www.clayton.edu/family-resources/food-pantries",
    "description": "On-campus food pantry serving students and families in the Clayton County area.",
    "services": ["Food Pantry", "Student Support", "Family Resources"],
    "hours": "Check website for current hours"
  },
  {
    "id": 31,
    "name": "Hearts to Nourish Hope",
    "address": "165 Courtland St NE",
    "city": "Atlanta",
    "state": "GA",
    "zipCode": "30303",
    "county": "Fulton",
    "phone": "(404) 523-3333",
    "website": "https://www.heartstonourishhope.org",
    "description": "Free grocery delivery service providing fresh food to families in need.",
    "services": ["Grocery Delivery", "Fresh Produce", "Family Support"],
    "hours": "Monday-Friday: 9:00 AM - 5:00 PM",
    "latitude": 33.7588,
    "longitude": -84.3833
  },
  {
    "id": 32,
    "name": "Fulton County Daily Bread Food Pantry",
    "address": "3746 Old Gordon Rd",
    "city": "Atlanta",
    "state": "GA",
    "zipCode": "30354",
    "county": "Fulton",
    "phone": "(404) 768-3210",
    "website": "https://www.needhelppayingbills.com/html/fulton_county_food_banks.html",
    "description": "Food pantry providing daily bread and groceries to Fulton County residents.",
    "services": ["Food Pantry", "Emergency Food"],
    "hours": "Monday-Friday: 10:00 AM - 3:00 PM",
    "latitude": 33.768,
    "longitude": -84.5129
  },
  {
    "id": 33,
    "name": "United Food Force Georgia",
    "address": "Multiple Locations",
    "city": "Atlanta",
    "state": "GA",
    "zipCode": "30303",
    "county": "Fulton",
    "latitude": 33.749,
    "longitude": -84.388,
    "phone": "(404) 555-1234",
    "website": "https://unitedfoodforce.org",
    "description": "Collaborative network distributing food across Georgia communities.",
    "services": [
      "Food Distribution",
      "Community Partnerships",
      "Mobile Pantry"
    ],
    "hours": "Varies by distribution site"
  },
  {
    "id": 34,
    "name": "South Fulton Service Center",
    "address": "5600 Stonewall Tell Rd",
    "city": "College Park",
    "state": "GA",
    "zipCode": "30349",
    "county": "Fulton",
    "latitude": 33.6042,
    "longitude": -84.4964,
    "phone": "(770) 306-3260",
    "website": "https://www.needhelppayingbills.com/html/fulton_county_food_banks.html",
    "description": "South Fulton food pantry providing groceries and emergency assistance.",
    "services": ["Food Pantry", "Emergency Assistance", "Community Resources"],
    "hours": "Monday-Friday: 9:00 AM - 4:00 PM"
  },
  {
    "id": 35,
    "name": "East Point Food Pantry",
    "address": "1393 Headland Dr",
    "city": "East Point",
    "state": "GA",
    "zipCode": "30344",
    "county": "Fulton",
    "phone": "(404) 761-2112",
    "website": "https://www.needhelppayingbills.com/html/fulton_county_food_banks.html",
    "description": "Community food pantry serving East Point and surrounding areas.",
    "services": ["Food Pantry", "Emergency Food"],
    "hours": "Tuesday, Thursday: 10:00 AM - 2:00 PM",
    "latitude": 33.6865,
    "longitude": -84.4526
  },
  {
    "id": 36,
    "name": "Clayton County Community Services Authority",
    "address": "1173 Battlecreek Rd",
    "city": "Jonesboro",
    "state": "GA",
    "zipCode": "30236",
    "county": "Clayton",
    "latitude": 33.5184,
    "longitude": -84.3691,
    "phone": "(770) 603-4500",
    "website": "https://www.clayton.edu/family-resources/food-pantries",
    "description": "Government-supported services including food assistance for Clayton County.",
    "services": ["Food Pantry", "Emergency Services", "Community Programs"],
    "hours": "Monday-Friday: 8:30 AM - 5:00 PM"
  },
  {
    "id": 37,
    "name": "Morrow Community Food Pantry",
    "address": "1400 Maddox Dr",
    "city": "Morrow",
    "state": "GA",
    "zipCode": "30260",
    "county": "Clayton",
    "latitude": 33.5848,
    "longitude": -84.3395,
    "phone": "(770) 968-1115",
    "website": "https://www.clayton.edu/family-resources/food-pantries",
    "description": "Local food pantry serving Morrow and Clayton County residents.",
    "services": ["Food Pantry", "Emergency Food"],
    "hours": "Wednesday: 10:00 AM - 1:00 PM"
  },
  {
    "id": 38,
    "name": "Riverdale Food Bank",
    "address": "6695 Church St",
    "city": "Riverdale",
    "state": "GA",
    "zipCode": "30274",
    "county": "Clayton",
    "latitude": 33.572,
    "longitude": -84.4159,
    "phone": "(770) 997-9914",
    "website": "https://www.oneclayton.org",
    "description": "Food bank serving Riverdale and Clayton County communities.",
    "services": ["Food Pantry", "Community Support"],
    "hours": "Monday, Wednesday: 11:00 AM - 3:00 PM"
  },
  {
    "id": 39,
    "name": "Center for Pan Asian Community Services (CPACS)",
    "address": "3510 Shallowford Road NE",
    "city": "Atlanta",
    "state": "GA",
    "zipCode": "30341",
    "county": "DeKalb",
    "latitude": 33.8862,
    "longitude": -84.2778,
    "phone": "(770) 936-0969",
    "website": "https://www.cpacs.org",
    "description": "Nonprofit organization providing food pantry and comprehensive services for American citizens and non-citizens of all races, ethnicities, and national origins. Requires detailed documentation and proof of legal status.",
    "services": ["Food Pantry", "Case Management", "Community Support"],
    "hours": "See website for current hours"
  },
  {
    "id": 40,
    "name": "Atlanta Inner-City Ministry",
    "address": "1966 Lakewood Terrace SE",
    "city": "Atlanta",
    "state": "GA",
    "zipCode": "30315",
    "county": "Fulton",
    "latitude": 33.6972,
    "longitude": -84.3719,
    "phone": "(404) 622-7931",
    "website": "https://www.aimatlanta.org",
    "description": "Food pantry providing weekly support bags for families and individuals. Serves seniors 65+ and parents with children under 18. Registration required.",
    "services": ["Food Pantry", "Emergency Food", "Community Support"],
    "hours": "Sunday for families, Wednesday for individuals (registration required)"
  },
  {
    "id": 41,
    "name": "Another Chance Atlanta",
    "address": "777 Cleveland Ave SW",
    "city": "Atlanta",
    "state": "GA",
    "zipCode": "30315",
    "county": "Fulton",
    "latitude": 33.6915,
    "longitude": -84.4201,
    "phone": "(678) 974-5989",
    "website": "https://anotherchanceofatlanta.org",
    "description": "Community organization providing free food distribution on Fridays. Picture ID required along with TLC intake form and USDA/TEFAP household eligibility form.",
    "services": ["Food Distribution", "Emergency Food", "Community Support"],
    "hours": "Friday: 11:00 AM - 4:00 PM"
  },
  {
    "id": 42,
    "name": "Sol Underground Free Store - Auburn Avenue",
    "address": "171 Auburn Ave NE",
    "city": "Atlanta",
    "state": "GA",
    "zipCode": "30303",
    "county": "Fulton",
    "latitude": 33.7563,
    "longitude": -84.3836,
    "phone": "(404) 555-0150",
    "website": "https://www.saintsol.org",
    "description": "Mutual aid free store providing clothing, household items, books, and food. No requirements or documentation needed. 1st Friday location outside For Keeps Books.",
    "services": ["Food Distribution", "Clothing", "Community Support"],
    "hours": "1st Friday: 7:00 PM - 10:00 PM"
  },
  {
    "id": 43,
    "name": "Sol Underground Free Store - MLK Jr Drive",
    "address": "48 MLK Jr Dr SW",
    "city": "Atlanta",
    "state": "GA",
    "zipCode": "30303",
    "county": "Fulton",
    "latitude": 33.7543,
    "longitude": -84.3922,
    "phone": "(404) 555-0150",
    "website": "https://www.saintsol.org",
    "description": "Mutual aid free store providing clothing, household items, books, and food. No requirements or documentation needed. 2nd and 4th Friday location outside Catholic Shrine of Immaculate Conception.",
    "services": ["Food Distribution", "Clothing", "Community Support"],
    "hours": "2nd and 4th Friday: 7:00 PM - 10:00 PM"
  },
  {
    "id": 44,
    "name": "South Bend Commons",
    "address": "1799 Lakewood Terrace SE",
    "city": "Atlanta",
    "state": "GA",
    "zipCode": "30315",
    "county": "Fulton",
    "latitude": 33.6969,
    "longitude": -84.3716,
    "phone": "(404) 555-0160",
    "website": "https://southbend.co",
    "description": "Free social space focused on autonomous self-organization providing free grocery distribution in Lakewood Heights. No requirements or documentation needed.",
    "services": ["Food Distribution", "Fresh Produce", "Community Support"],
    "hours": "Tuesday: 5:00 PM - 7:00 PM"
  },
  {
    "id": 45,
    "name": "New Life Community Alliance",
    "address": "3592 Flat Shoals Road",
    "city": "Decatur",
    "state": "GA",
    "zipCode": "30034",
    "county": "DeKalb",
    "latitude": 33.6896,
    "longitude": -84.2519,
    "phone": "(404) 381-6731",
    "website": "https://www.newlife-atl.org",
    "description": "Community organization providing food pantry and meals for South DeKalb residents. Photo ID and proof of residency recommended but not strictly required.",
    "services": ["Food Pantry", "Free Meals", "Community Support"],
    "hours": "Tuesday-Saturday: 10:00 AM - 12:00 PM"
  },
  {
    "id": 46,
    "name": "Intown Food Pantry",
    "address": "1026 Ponce de Leon Ave NE",
    "city": "Atlanta",
    "state": "GA",
    "zipCode": "30306",
    "county": "Fulton",
    "latitude": 33.7729,
    "longitude": -84.3494,
    "phone": "(404) 875-7591",
    "website": "https://www.intowncares.org",
    "description": "Food pantry located at Druid Hills Presbyterian Church serving over 300 households weekly. Photo ID requested but no legal status proof needed. Serves Intown Atlanta neighborhoods.",
    "services": ["Food Pantry", "Emergency Food", "Community Support"],
    "hours": "Tuesday, Saturday: 10:00 AM - 12:00 PM"
  },
  {
    "id": 47,
    "name": "Community Church Atlanta",
    "address": "838 Cascade Avenue SW",
    "city": "Atlanta",
    "state": "GA",
    "zipCode": "30311",
    "county": "Fulton",
    "latitude": 33.7184,
    "longitude": -84.4462,
    "phone": "(404) 755-4100",
    "website": "https://ccogatl.org",
    "description": "Community Marketplace food pantry at Vicars Community Center addressing food insecurity on Atlanta's west side. Photo ID requested. Open to all during posted hours.",
    "services": ["Food Pantry", "Emergency Food", "Community Support"],
    "hours": "Wednesday: 10:00 AM - 1:00 PM"
  },
  {
    "id": 48,
    "name": "Salem Bible Church",
    "address": "2283 Baker Road NW",
    "city": "Atlanta",
    "state": "GA",
    "zipCode": "30318",
    "county": "Fulton",
    "latitude": 33.7946,
    "longitude": -84.4516,
    "phone": "(404) 792-0303",
    "website": "https://www.salembiblechurch.org",
    "description": "Church food pantry through Social Services Ministry and Sunshine Brotherhood Community Center, distributing over 30,000 pounds of food weekly. Photo ID and proof of residency requested.",
    "services": ["Food Pantry", "Emergency Food", "Community Support"],
    "hours": "Tuesday, Thursday: 9:00 AM - 1:00 PM (2nd and 4th Thursday)"
  },
  {
    "id": 49,
    "name": "Toco Hills Community Alliance",
    "address": "1790 LaVista Rd NE",
    "city": "Atlanta",
    "state": "GA",
    "zipCode": "30329",
    "county": "DeKalb",
    "latitude": 33.8201,
    "longitude": -84.3183,
    "phone": "(404) 325-0677",
    "website": "https://tocohillsalliance.org",
    "description": "Food pantry serving North Central DeKalb County residents, individuals experiencing homelessness, and veterans. Registration starts at 12 PM.",
    "services": ["Food Pantry", "Emergency Food", "Community Support"],
    "hours": "Tuesday-Thursday: 1:00 PM - 3:30 PM"
  },
  {
    "id": 50,
    "name": "New Beginnings Food Outreach",
    "address": "7034 Glade Road SE",
    "city": "Acworth",
    "state": "GA",
    "zipCode": "30102",
    "county": "Cobb",
    "latitude": 34.0652,
    "longitude": -84.6439,
    "phone": "(770) 529-6353",
    "website": "https://cobb-county.communityplatform.us",
    "description": "Food pantry serving multiple metro Atlanta counties. New clients must bring valid ID, proof of income for household members, and proof of residence.",
    "services": ["Food Pantry", "Emergency Food"],
    "hours": "Friday: 11:00 AM - 1:00 PM"
  },
  {
    "id": 51,
    "name": "Fellowship of Faith Church International",
    "address": "2553 Connally Dr",
    "city": "Atlanta",
    "state": "GA",
    "zipCode": "30344",
    "county": "Fulton",
    "latitude": 33.6736,
    "longitude": -84.4537,
    "phone": "(404) 346-1162",
    "website": "http://www.fofciatl.com",
    "description": "Food pantry in East Point serving multiple metro Atlanta counties. Picture ID and proof of residence required; does not require proof of legal status.",
    "services": ["Food Pantry", "Emergency Food", "Community Support"],
    "hours": "Tuesday, Friday: 6:00 PM - 7:30 PM"
  },
  {
    "id": 52,
    "name": "Atlanta Justice Alliance - Woodruff Park",
    "address": "91 Peachtree St NW",
    "city": "Atlanta",
    "state": "GA",
    "zipCode": "30303",
    "county": "Fulton",
    "latitude": 33.7566,
    "longitude": -84.387,
    "phone": "(404) 555-0170",
    "website": "https://www.justicecenter.org",
    "description": "Grassroots mutual aid organization providing free food distribution at Woodruff Park in downtown Atlanta. No requirements, proof, or documentation needed. Open to all, especially serving homeless community.",
    "services": ["Food Distribution", "Community Support", "Free Meals"],
    "hours": "Saturday: 12:00 PM"
  },
  {
    "id": 53,
    "name": "Food4Life - Edgewood Distribution",
    "address": "80 Mayson Ave NE",
    "city": "Atlanta",
    "state": "GA",
    "zipCode": "30307",
    "county": "Fulton",
    "latitude": 33.7612,
    "longitude": -84.3445,
    "phone": "(678) 616-1285",
    "website": "https://food4lives.org",
    "description": "Atlanta Survival Program providing free groceries at the corner of Mayson Avenue and Hardee Street in Edgewood. No requirements or documentation needed. Welcome to all.",
    "services": ["Food Distribution", "Fresh Produce", "Community Support"],
    "hours": "Sunday: 1:00 PM - 2:00 PM"
  },
  {
    "id": 54,
    "name": "Duluth Cooperative Ministry",
    "address": "3649 Rogers Bridge Road",
    "city": "Duluth",
    "state": "GA",
    "zipCode": "30097",
    "county": "Gwinnett",
    "latitude": 34.0139,
    "longitude": -84.1447,
    "phone": "(770) 623-9563",
    "website": "https://duluthco-op.org",
    "description": "Cooperative ministry providing food assistance and support services to Duluth area families. Serves zip codes 30096 and 30097. Contact for appointment.",
    "services": ["Food Pantry", "Emergency Assistance", "Community Support"],
    "hours": "Monday, Wednesday, Friday: 10:00 AM - 2:00 PM (by appointment)"
  },
  {
    "id": 55,
    "name": "Lilburn Cooperative Ministry",
    "address": "5329 Five Forks Trickum Rd",
    "city": "Lilburn",
    "state": "GA",
    "zipCode": "30047",
    "county": "Gwinnett",
    "latitude": 33.8979,
    "longitude": -84.1239,
    "phone": "(770) 931-8333",
    "website": "https://lilburnco-op.org",
    "description": "Cooperative ministry serving Gwinnett County residents with food pantry services through Kay's Pantry. Requires appointment and standard identification. Zip codes 30087 and 30084.",
    "services": ["Food Pantry", "Emergency Assistance", "Thrift Store"],
    "hours": "Monday, Wednesday, Friday: 10:00 AM - 1:30 PM (by appointment)"
  },
  {
    "id": 56,
    "name": "Southeast Gwinnett Cooperative Ministry",
    "address": "55 Grayson Industrial Parkway",
    "city": "Grayson",
    "state": "GA",
    "zipCode": "30017",
    "county": "Gwinnett",
    "latitude": 33.8933,
    "longitude": -83.9536,
    "phone": "(770) 985-5229",
    "website": "https://segwinnettcoop.org",
    "description": "Cooperative ministry providing food security to families in Southeast Gwinnett. Serves zip codes 30078, 30039, 30017, 30052. Proof of address required. Requires social security card and/or proof of legal status.",
    "services": ["Food Pantry", "Emergency Assistance", "Community Support"],
    "hours": "Monday: 3:00 PM - 7:00 PM, Wednesday, Friday: 10:00 AM - 2:00 PM"
  },
  {
    "id": 57,
    "name": "Buford Family Community Center",
    "address": "4042 Friendship Road",
    "city": "Buford",
    "state": "GA",
    "zipCode": "30518",
    "county": "Gwinnett",
    "latitude": 34.0971,
    "longitude": -84.0044,
    "phone": "(678) 292-5954",
    "website": "https://www.bufordfamilysda.org",
    "description": "Community center operated by Buford Family Seventh-day Adventist Church providing food, clothing and classes. ID required. Requires application.",
    "services": ["Food Pantry", "Clothing", "Community Programs"],
    "hours": "Tuesday: 11:30 AM - 4:00 PM"
  },
  {
    "id": 58,
    "name": "Hope and Life Compassion Ministry",
    "address": "1001 Old Snellville Hwy",
    "city": "Lawrenceville",
    "state": "GA",
    "zipCode": "30043",
    "county": "Gwinnett",
    "latitude": 33.9464,
    "longitude": -84.0093,
    "phone": "(770) 979-1595",
    "website": "https://hopeandlife.tv",
    "description": "Multi-ethnic, inclusive church-based food bank serving Gwinnett County. Call for details on food bank services.",
    "services": ["Food Pantry", "Community Support", "Community Programs"],
    "hours": "Call for details"
  },
  {
    "id": 59,
    "name": "North Gwinnett Cooperative Ministry",
    "address": "4395 Commerce Drive",
    "city": "Buford",
    "state": "GA",
    "zipCode": "30518",
    "county": "Gwinnett",
    "latitude": 34.072,
    "longitude": -83.9928,
    "phone": "(770) 271-9793",
    "website": "https://northgwinnettcoop.org",
    "description": "Cooperative ministry serving Buford, Sugar Hill, Suwanee and portions of Auburn, Bethlehem, Braselton and Hoschton. Zip codes 30024, 30518, 30519. Proof of residence and ID required, social security card required, does not need proof of legal status.",
    "services": ["Food Pantry", "Clothing", "Financial Assistance"],
    "hours": "Monday: 6:00 PM - 8:00 PM, Wednesday, Friday: 10:00 AM - 12:00 PM"
  },
  {
    "id": 60,
    "name": "Vision Academy Life Center",
    "address": "458 N Chestnut Street",
    "city": "Lawrenceville",
    "state": "GA",
    "zipCode": "30046",
    "county": "Gwinnett",
    "latitude": 33.9568,
    "longitude": -83.9944,
    "phone": "(678) 206-0688",
    "website": "http://www.vision-of-life.org",
    "description": "Community center providing food pantry services. ID required, does not need proof of legal status. By appointment only.",
    "services": ["Food Pantry", "Community Support"],
    "hours": "Tuesday: 10:00 AM - 4:00 PM (by appointment)"
  },
  {
    "id": 61,
    "name": "The Pantry at Hamilton Mill",
    "address": "3601 Braselton Highway",
    "city": "Dacula",
    "state": "GA",
    "zipCode": "30019",
    "county": "Gwinnett",
    "latitude": 33.9884,
    "longitude": -83.8935,
    "phone": "(770) 271-8855",
    "website": "https://tphm.org",
    "description": "Large food pantry serving Gwinnett County and all Georgia residents. Distributes over 35,000 pounds of food weekly, feeding average of 700 families. Photo ID required. No eligibility requirements, all are welcome.",
    "services": ["Food Pantry", "Community Support"],
    "hours": "Saturday: 7:00 AM - 10:30 AM"
  },
  {
    "id": 62,
    "name": "StreetWise GA",
    "address": "1770 Cedars Road",
    "city": "Lawrenceville",
    "state": "GA",
    "zipCode": "30045",
    "county": "Gwinnett",
    "latitude": 33.9414,
    "longitude": -83.9828,
    "phone": "(678) 985-9915",
    "website": "https://streetwisegeorgia.org",
    "description": "Food pantry serving Gwinnett County by appointment only. Monday, Tuesday, Thursday appointments 10:00 AM - 2:00 PM. Alternative evening hours every other Thursday 6:00 PM - 8:00 PM for working clients.",
    "services": ["Food Pantry", "Community Support"],
    "hours": "Monday, Tuesday, Thursday: 10:00 AM - 1:30 PM (by appointment)"
  },
  {
    "id": 63,
    "name": "CarePointe at Cross Pointe Church",
    "address": "1800 Satellite Boulevard",
    "city": "Duluth",
    "state": "GA",
    "zipCode": "30097",
    "county": "Gwinnett",
    "latitude": 34.0024,
    "longitude": -84.1462,
    "phone": "(678) 812-4500",
    "website": "https://crosspointechurch.com/carepointe",
    "description": "Community ministry providing food and clothing pantry. Good resource for Spanish-speakers with ESL courses. Valid photo ID and proof of address required.",
    "services": ["Food Pantry", "Clothing", "English Classes"],
    "hours": "Wednesday, Saturday: 10:00 AM - 2:00 PM"
  },
  {
    "id": 64,
    "name": "Overcomers House",
    "address": "2114 Fountain Square",
    "city": "Snellville",
    "state": "GA",
    "zipCode": "30078",
    "county": "Gwinnett",
    "latitude": 33.8499,
    "longitude": -84.0209,
    "phone": "(678) 615-7714",
    "website": "https://www.myovercomershouse.com",
    "description": "Non-profit social service center providing drive-thru food pantry and senior food box delivery program for homebound residents 60 or older in Gwinnett County.",
    "services": ["Food Pantry", "Senior Services", "Meal Delivery"],
    "hours": "Monday, Saturday: 12:00 PM - 2:00 PM"
  },
  {
    "id": 65,
    "name": "St. Vincent de Paul - Chamblee Tucker",
    "address": "2050 Chamblee Tucker Road, Suite C",
    "city": "Chamblee",
    "state": "GA",
    "zipCode": "30341",
    "county": "DeKalb",
    "latitude": 33.8862,
    "longitude": -84.2778,
    "phone": "(678) 892-6160",
    "website": "https://svdpgeorgia.org",
    "description": "Food pantry and food recovery distribution providing financial, material, educational and spiritual support to those in need regardless of background or faith.",
    "services": ["Food Pantry", "Food Distribution", "Emergency Assistance"],
    "hours": "Monday-Friday: 8:30 AM - 4:00 PM"
  },
  {
    "id": 66,
    "name": "McEachern Memorial UMC",
    "address": "4075 Macland Rd",
    "city": "Powder Springs",
    "state": "GA",
    "zipCode": "30127",
    "county": "Cobb",
    "latitude": 33.8658,
    "longitude": -84.6822,
    "phone": "(678) 567-5015",
    "website": "https://www.mceachernumc.org",
    "description": "Church food pantry serving food insecure families in Powder Springs 30127 or Marietta 30064. Call outreach office to schedule appointment. Third Wednesday of every month.",
    "services": ["Food Pantry", "Community Support"],
    "hours": "3rd Wednesday of month (call to arrange)"
  },
  {
    "id": 67,
    "name": "Lakeview Seventh Day Adventist Church",
    "address": "4001 Macedonia Road",
    "city": "Powder Springs",
    "state": "GA",
    "zipCode": "30127",
    "county": "Cobb",
    "latitude": 33.8841,
    "longitude": -84.6434,
    "phone": "(770) 222-1511",
    "website": "http://www.lakeviewadventist.org",
    "description": "West Cobb church providing hot food and pantry items. Mobile drive-thru pantry most Thursdays and bi-monthly Sunday distribution. Call to verify schedule.",
    "services": ["Food Pantry", "Free Meals", "Food Distribution"],
    "hours": "3rd Sunday of month (call to verify)"
  },
  {
    "id": 68,
    "name": "Christian Aid Mission Partnership (C.A.M.P.)",
    "address": "6289 Veterans Memorial Highway, Building 12-A",
    "city": "Austell",
    "state": "GA",
    "zipCode": "30168",
    "county": "Cobb",
    "latitude": 33.8127,
    "longitude": -84.6372,
    "phone": "(770) 819-0662",
    "website": "https://www.christianaid.org",
    "description": "Food pantry serving Austell, Clarkdale, East Douglas County, Lithia Springs, Mableton, and Powder Springs. Requires social security card or birth certificate but not proof of legal status.",
    "services": ["Food Pantry", "Clothing", "Financial Assistance"],
    "hours": "Monday-Friday: 9:00 AM - 2:00 PM"
  },
  {
    "id": 69,
    "name": "The Center for Family Resources",
    "address": "400 Franklin Gateway SE, Suite 250",
    "city": "Marietta",
    "state": "GA",
    "zipCode": "30067",
    "county": "Cobb",
    "latitude": 33.9426,
    "longitude": -84.4748,
    "phone": "(770) 428-2601",
    "website": "https://thecfr.org",
    "description": "Family Cupboard Choice Pantry offering canned goods, protein, fresh meat and produce, diapers and personal hygiene items. Serves families experiencing or at risk of homelessness. Requires social security or birth certificate, eviction notice, utility cut-off notice, and proof of legal status.",
    "services": ["Food Pantry", "Emergency Assistance", "Housing Support"],
    "hours": "Monday-Friday: 8:30 AM - 4:30 PM"
  },
  {
    "id": 70,
    "name": "Cobb Vineyard Church",
    "address": "3206 Old Hwy 41",
    "city": "Kennesaw",
    "state": "GA",
    "zipCode": "30144",
    "county": "Cobb",
    "latitude": 34.0194,
    "longitude": -84.6156,
    "phone": "(678) 574-0005",
    "website": "https://www.cobbvineyard.com",
    "description": "Church food pantry open first and third Saturday of every month. Sign-in begins at 9 AM, ends at 1 PM. First come first serve, open to anyone in need. Need identification or CVC scan card.",
    "services": ["Food Pantry", "Community Support"],
    "hours": "1st and 3rd Saturday: 11:00 AM - 1:00 PM"
  },
  {
    "id": 71,
    "name": "Family Life Restoration Center",
    "address": "6105 Mableton Parkway",
    "city": "Mableton",
    "state": "GA",
    "zipCode": "30126",
    "county": "Cobb",
    "latitude": 33.8193,
    "longitude": -84.5578,
    "phone": "(770) 944-1066",
    "website": "https://www.familyliferestorationcenter.org",
    "description": "Non-profit dedicated to family restoration providing food pantry. Serves Cobb and Fulton counties. Social security card or birth certificate required for household members.",
    "services": ["Food Pantry", "Community Support"],
    "hours": "Monday-Friday: 10:00 AM - 3:00 PM"
  },
  {
    "id": 72,
    "name": "Turner Chapel AME",
    "address": "548 Lawrence Street NE",
    "city": "Marietta",
    "state": "GA",
    "zipCode": "30060",
    "county": "Cobb",
    "latitude": 33.9556,
    "longitude": -84.5405,
    "phone": "(770) 422-6791",
    "website": "https://www.turnerchapelame.org",
    "description": "Church food pantry and CSFP Senior Food Distribution Program for people 59+. ID and proof of residence required. Serves Cobb County and Georgia residents.",
    "services": ["Food Pantry", "Senior Programs"],
    "hours": "Wednesday: 1:00 PM - 3:00 PM, Saturday: 10:00 AM - 2:00 PM"
  },
  {
    "id": 73,
    "name": "Reflections of Trinity - Team 58",
    "address": "4037 Austell-Powder Springs Road",
    "city": "Powder Springs",
    "state": "GA",
    "zipCode": "30127",
    "county": "Cobb",
    "latitude": 33.8631,
    "longitude": -84.6742,
    "phone": "(404) 861-1663",
    "website": "https://reflectionsoftrinity.org",
    "description": "Division of Reflections of Trinity offering free boxes of groceries. Started in 2012, serves Cobb County families. Partnership with Tapp Middle School pantry.",
    "services": ["Food Pantry", "Community Support"],
    "hours": "Saturday: 11:00 AM - 1:00 PM"
  },
  {
    "id": 74,
    "name": "Papa's Pantry - Encompass Ministries",
    "address": "6551 Commerce Parkway, Suite 200",
    "city": "Woodstock",
    "state": "GA",
    "zipCode": "30189",
    "county": "Cherokee",
    "latitude": 34.1015,
    "longitude": -84.5194,
    "phone": "(770) 591-4730",
    "website": "https://www.encompassministriesinc.org",
    "description": "Founded in 1998 as Papa's Pantry, renamed Encompass Ministries in 2019. Provides food pantry and grocery assistance. Serves Cherokee, Cobb, Bartow, North Fulton, and Pickens Counties. Reservations preferred.",
    "services": ["Food Pantry", "Grocery Programs", "Community Support"],
    "hours": "Monday, Friday: 9:30 AM - 2:30 PM, Tuesday-Thursday: 9:30 AM - 4:30 PM, Saturday: 9:00 AM - 1:00 PM (appointment only for grocery assistance)"
  },
  {
    "id": 75,
    "name": "Never Alone Community Food Pantry",
    "address": "291 Rope Mill Road",
    "city": "Woodstock",
    "state": "GA",
    "zipCode": "30188",
    "county": "Cherokee",
    "latitude": 34.1018,
    "longitude": -84.4937,
    "phone": "(470) 302-4055",
    "website": "https://www.neveralone.org",
    "description": "Food pantry serving Cherokee, Cobb, Bartow, and Pickens counties. Partners with churches and organizations for remote distributions including Hasty Elementary in Canton. By appointment only.",
    "services": ["Food Pantry", "Community Partnerships"],
    "hours": "Monday, Wednesday, Thursday: 10:00 AM - 2:00 PM, 2nd Thursday: 4:00 PM - 6:00 PM, 3rd Saturday: 10:00 AM - 1:00 PM"
  },
  {
    "id": 76,
    "name": "Helping Hands of Paulding County",
    "address": "228 West Spring Street",
    "city": "Dallas",
    "state": "GA",
    "zipCode": "30132",
    "county": "Paulding",
    "latitude": 33.9226,
    "longitude": -84.8417,
    "phone": "(770) 443-1230",
    "website": "https://hhpcga.org",
    "description": "Non-profit assisting Paulding County residents with food pantry and support services. Requires current utility bill and social security card. Proof of legal status required.",
    "services": ["Food Pantry", "Emergency Assistance"],
    "hours": "Monday-Friday: 10:00 AM - 1:30 PM"
  },
  {
    "id": 77,
    "name": "Malachi's Storehouse at St. Patrick's Church",
    "address": "4755 N Peachtree Rd",
    "city": "Dunwoody",
    "state": "GA",
    "zipCode": "30338",
    "county": "DeKalb",
    "latitude": 33.9335,
    "longitude": -84.3386,
    "phone": "(770) 455-6523",
    "website": "https://malachis.org",
    "description": "Emergency food pantry at St. Patrick's Episcopal Church addressing food insecurity in metro Atlanta. Provides hot lunch and free groceries. Photo ID recommended for household count. Open every Tuesday except Thanksgiving and Christmas weeks.",
    "services": ["Food Pantry", "Free Meals"],
    "hours": "Tuesday: 10:00 AM - 2:00 PM"
  },
  {
    "id": 78,
    "name": "Providence Community Baptist Church - Daily Bread Ministry",
    "address": "38 Austin Ave SE",
    "city": "Marietta",
    "state": "GA",
    "zipCode": "30060",
    "county": "Cobb",
    "latitude": 33.9525,
    "longitude": -84.5497,
    "phone": "(770) 428-3125",
    "website": "https://www.providencecbc.org",
    "description": "Daily Bread Ministry operating for over 30 years, providing food and clothing distribution. Serves Cobb County residents. Photo ID and household birthdates required.",
    "services": ["Food Pantry", "Clothing"],
    "hours": "Wednesday: 1:00 PM - 4:00 PM, 3rd Saturday: 9:00 AM - 1:00 PM"
  },
  {
    "id": 79,
    "name": "Schaffer Road Church of Christ",
    "address": "554 Schaffer Rd SW",
    "city": "Marietta",
    "state": "GA",
    "zipCode": "30060",
    "county": "Cobb",
    "latitude": 33.9472,
    "longitude": -84.5705,
    "phone": "(770) 437-9047",
    "website": "https://schafferroad.org",
    "description": "Food pantry serving Cobb, Douglas, and Paulding counties. Photo ID or driver's license required. Provides food assistance to individuals and families in need including children, adults, and senior citizens with limited or no income.",
    "services": ["Food Pantry"],
    "hours": "Monday-Friday: 8:00 AM - 5:00 PM"
  },
  {
    "id": 80,
    "name": "Wright Street Baptist Church",
    "address": "395 Wright St",
    "city": "Marietta",
    "state": "GA",
    "zipCode": "30060",
    "county": "Cobb",
    "latitude": 33.9531,
    "longitude": -84.5516,
    "phone": "(770) 422-5851",
    "website": "https://wsbcmarietta.com",
    "description": "Monthly food pantry serving Cobb County residents. Open the 3rd Saturday of every month. Call ahead to confirm hours and requirements.",
    "services": ["Food Pantry"],
    "hours": "3rd Saturday: 8:00 AM - 9:30 AM"
  },
  {
    "id": 81,
    "name": "Shiloh Seventh-Day Adventist Church",
    "address": "810 Church St",
    "city": "Smyrna",
    "state": "GA",
    "zipCode": "30080",
    "county": "Cobb",
    "latitude": 33.8839,
    "longitude": -84.5144,
    "phone": "(770) 434-4548",
    "website": "https://shilohsda.org",
    "description": "Church Street Food Pantry operates through the Community Resource Center. Partners with Atlanta Community Food Bank to provide free food to South Cobb area residents in need.",
    "services": ["Food Pantry", "Community Resources"],
    "hours": "2nd & 4th Tuesday: 2:00 PM - 5:00 PM, 2nd & 4th Wednesday: 3:00 PM - 6:00 PM"
  },
  {
    "id": 82,
    "name": "Pleasant Grove Missionary Baptist Church - Grove Cares",
    "address": "566 Whitlock Ave NW",
    "city": "Marietta",
    "state": "GA",
    "zipCode": "30064",
    "county": "Cobb",
    "latitude": 33.9477,
    "longitude": -84.5673,
    "phone": "(770) 428-3681",
    "website": "https://pleasantgrove.org",
    "description": "Grove Cares ministry offers periodic drive-thru grocery distributions throughout the year. Serves Cobb, Douglas, and Paulding counties. Text THEGROVEATL to 470-466-8552 for distribution dates notification. No appointment needed.",
    "services": ["Food Distribution"],
    "hours": "Periodic distributions - text THEGROVEATL to 470-466-8552 for dates"
  },
  {
    "id": 83,
    "name": "Hollydale United Methodist Church",
    "address": "2364 Powder Springs Rd",
    "city": "Marietta",
    "state": "GA",
    "zipCode": "30064",
    "county": "Cobb",
    "latitude": 33.9351,
    "longitude": -84.5898,
    "phone": "(770) 943-2273",
    "website": "https://www.hollydaleumc.org",
    "description": "Community food pantry serving Cobb, Douglas, and Paulding counties. Spanish-speaking services available (Hablamos Español). Open to anyone with need in the community.",
    "services": ["Food Pantry"],
    "hours": "Monday: 9:00 AM - 11:00 AM, Friday: 4:00 PM - 6:00 PM"
  },
  {
    "id": 84,
    "name": "St. Catherine of Siena Catholic Church - St. Vincent de Paul",
    "address": "1618 Ben King Rd",
    "city": "Kennesaw",
    "state": "GA",
    "zipCode": "30144",
    "county": "Cobb",
    "latitude": 34.0233,
    "longitude": -84.6153,
    "phone": "(770) 428-7139",
    "website": "https://www.stcatherinercc.org",
    "description": "Saint Vincent de Paul food pantry providing week's worth of bagged non-perishable food and frozen meat once monthly to Kennesaw area households. Also provides paper products, diapers, and feminine products. By appointment only.",
    "services": ["Food Pantry"],
    "hours": "By appointment - email svdpcat@gmail.com"
  },
  {
    "id": 85,
    "name": "Acworth Emergency Food Pantry - Mars Hill Presbyterian Church",
    "address": "3385 Mars Hill Rd",
    "city": "Acworth",
    "state": "GA",
    "zipCode": "30101",
    "county": "Cobb",
    "latitude": 34.0653,
    "longitude": -84.6779,
    "phone": "(770) 419-5649",
    "website": "https://www.mhchurch.com",
    "description": "Emergency food pantry operated by Mars Hill Presbyterian Church. By appointment only on Tuesdays and Fridays. Call to schedule appointment - if no answer, leave a message and a volunteer will return your call.",
    "services": ["Food Pantry", "Emergency Food"],
    "hours": "Tuesday & Friday: 9:30 AM - 10:00 AM (by appointment)"
  },
  {
    "id": 86,
    "name": "Bascomb Mission Thrift Food Pantry",
    "address": "9550 Main St",
    "city": "Woodstock",
    "state": "GA",
    "zipCode": "30188",
    "county": "Cherokee",
    "latitude": 34.1014,
    "longitude": -84.5194,
    "phone": "(678) 324-7937",
    "website": "https://www.foodpantries.org",
    "description": "Thrift store and food pantry serving Cherokee County. No documentation required. Open Wednesday through Saturday for food assistance.",
    "services": ["Food Pantry", "Thrift Store"],
    "hours": "Wednesday-Friday: 10:00 AM - 5:00 PM, Saturday: 10:00 AM - 4:00 PM"
  },
  {
    "id": 87,
    "name": "Timothy's Cupboard - Timothy Lutheran Church",
    "address": "556 Arnold Mill Rd",
    "city": "Woodstock",
    "state": "GA",
    "zipCode": "30188",
    "county": "Cherokee",
    "latitude": 34.1009,
    "longitude": -84.5068,
    "phone": "(770) 591-5515",
    "website": "https://timothylutheran.360unite.com",
    "description": "Food ministry operating since October 1991 serving Cherokee, Bartow, and Cobb counties. By appointment only on Tuesdays. Call ahead to schedule.",
    "services": ["Food Pantry"],
    "hours": "Tuesday: 8:00 AM - 12:00 PM (by appointment)"
  },
  {
    "id": 88,
    "name": "St. Michael the Archangel Catholic Church Food Pantry",
    "address": "490 Arnold Mill Rd",
    "city": "Woodstock",
    "state": "GA",
    "zipCode": "30188",
    "county": "Cherokee",
    "latitude": 34.1024,
    "longitude": -84.5087,
    "phone": "(770) 516-0009",
    "website": "https://saintmichaelcc.org",
    "description": "Food pantry serving Cherokee County residents in need. First come, first served basis with no appointment necessary. Located at top of hill past playground. Signage posted in parking lot.",
    "services": ["Food Pantry"],
    "hours": "Tuesday, Thursday, Saturday: 10:00 AM - 11:45 AM"
  },
  {
    "id": 89,
    "name": "Acworth United Methodist Church",
    "address": "4340 Collins Cir",
    "city": "Acworth",
    "state": "GA",
    "zipCode": "30101",
    "county": "Cobb",
    "latitude": 34.0665,
    "longitude": -84.6772,
    "phone": "(770) 974-3312",
    "website": "https://www.acworthumc.org",
    "description": "Drive-through food pantry serving 160 families weekly and distributing almost 100,000 pounds of food annually. Open every Tuesday afternoon for drive-through pickup.",
    "services": ["Food Pantry"],
    "hours": "Tuesday: 12:00 PM - 3:00 PM"
  },
  {
    "id": 90,
    "name": "Jay Weaver Emergency Food Pantry - Heritage Presbyterian Church",
    "address": "5323 Bells Ferry Rd",
    "city": "Acworth",
    "state": "GA",
    "zipCode": "30102",
    "county": "Cobb",
    "latitude": 34.0389,
    "longitude": -84.6453,
    "phone": "(770) 926-3558",
    "website": "https://www.heritagepres.com",
    "description": "Emergency food pantry serving limited area within five miles of church location. For food pantry inquiries, call and dial extension 212.",
    "services": ["Food Pantry", "Emergency Food"],
    "hours": "Call (770) 926-3558 ext. 212 for hours and eligibility"
  },
  {
    "id": 91,
    "name": "MUST Ministries Cherokee",
    "address": "111 Brown Industrial Pkwy",
    "city": "Canton",
    "state": "GA",
    "zipCode": "30114",
    "county": "Cherokee",
    "latitude": 34.2368,
    "longitude": -84.4907,
    "phone": "(770) 479-5397",
    "website": "https://www.mustministries.org",
    "description": "MUST Ministries Cherokee County location offering food, clothing, employment services, and breads & sweets. Donations accepted Monday-Friday 8 AM - 2 PM.",
    "services": ["Food Pantry", "Clothing", "Community Resources"],
    "hours": "Monday-Friday: 10:00 AM - 2:00 PM"
  },
  {
    "id": 92,
    "name": "Dominic's Mission",
    "address": "2960 Canton Hwy",
    "city": "Ball Ground",
    "state": "GA",
    "zipCode": "30107",
    "county": "Cherokee",
    "latitude": 34.3344,
    "longitude": -84.3754,
    "phone": "(404) 276-8182",
    "website": "https://www.dominicsmission.com",
    "description": "Community food kitchen offering free food, clothing, hygiene items, baby essentials, and meal vouchers. Located next to Rife Repurposing. Open Saturdays.",
    "services": ["Food Pantry", "Free Meals", "Clothing"],
    "hours": "Saturday: 9:00 AM - 2:00 PM"
  },
  {
    "id": 93,
    "name": "CAYA Reconciliation Ministries",
    "address": "445 Paulding Ln",
    "city": "Dallas",
    "state": "GA",
    "zipCode": "30132",
    "county": "Paulding",
    "latitude": 33.9276,
    "longitude": -84.8408,
    "phone": "(770) 445-9303",
    "website": "https://www.cayaministry.com",
    "description": "Come As You Are Reconciliation Ministries food pantry serving Dallas and surrounding Paulding County communities. Each family may receive food assistance once per month.",
    "services": ["Food Pantry"],
    "hours": "Tuesday & Friday: 10:00 AM - 12:30 PM"
  },
  {
    "id": 94,
    "name": "Northwest Christian Church",
    "address": "3737 Dallas Acworth Hwy NW",
    "city": "Acworth",
    "state": "GA",
    "zipCode": "30101",
    "county": "Cobb",
    "latitude": 34.0434,
    "longitude": -84.6938,
    "phone": "(770) 425-2525",
    "website": "https://nwcc.net",
    "description": "Community food bank partnered with Atlanta Community Food Bank providing thousands of pounds of food monthly to hundreds of people. Proof of income and photo ID required. Located between Kennesaw and Acworth on Dallas Acworth Highway.",
    "services": ["Food Pantry"],
    "hours": "Tuesday & Thursday: 9:00 AM - 12:00 PM"
  },
  {
    "id": 95,
    "name": "Faith Family Church",
    "address": "5744 Bells Ferry Rd",
    "city": "Acworth",
    "state": "GA",
    "zipCode": "30102",
    "county": "Cherokee",
    "latitude": 34.0618,
    "longitude": -84.6367,
    "phone": "(770) 926-4560",
    "website": "https://www.faithstreet.com/church/faith-family-church-acworth-ga",
    "description": "Assemblies of God church operating food pantry serving Cherokee County. Documents required: photo ID, Social Security proof, and proof of residence. Open Monday and Thursday mornings.",
    "services": ["Food Pantry"],
    "hours": "Monday & Thursday: 10:00 AM - 1:00 PM"
  },
  {
    "id": 96,
    "name": "Forever Fed",
    "address": "4474 Towne Lake Pkwy",
    "city": "Woodstock",
    "state": "GA",
    "zipCode": "30189",
    "county": "Cherokee",
    "latitude": 34.0933,
    "longitude": -84.5691,
    "phone": "(678) 883-3314",
    "website": "https://www.foreverfed.org",
    "description": "Mobile ministry hosting seven outdoor drive-thru food pantries monthly at various locations throughout Cherokee and Cobb Counties. Call or visit website for current schedule and locations.",
    "services": ["Mobile Pantry", "Food Distribution"],
    "hours": "Monthly drive-thru events - check website for schedule"
  },
  {
    "id": 97,
    "name": "House of Hope North Georgia",
    "address": "11954 Cumming Hwy",
    "city": "Canton",
    "state": "GA",
    "zipCode": "30115",
    "county": "Cherokee",
    "latitude": 34.2086,
    "longitude": -84.4845,
    "phone": "(770) 313-6287",
    "website": "https://houseofhopeng.org",
    "description": "Food bank ministry under Blessed Hope Baptist Church serving Cherokee County. Additional programs include clothes closet, smoke detector installation, car seat surplus, and satellite food pantries. Volunteer opportunities available Tuesday and Thursday mornings.",
    "services": ["Food Pantry", "Clothing", "Community Resources"],
    "hours": "Wednesday: 3:30 PM - 6:30 PM"
  },
  {
    "id": 98,
    "name": "Encompass Ministries",
    "address": "6551 Commerce Pkwy Suite 200",
    "city": "Woodstock",
    "state": "GA",
    "zipCode": "30189",
    "county": "Cherokee",
    "latitude": 34.0877,
    "longitude": -84.5239,
    "phone": "(770) 591-4707",
    "website": "https://www.encompassministriesinc.org",
    "description": "Client-choice food pantry serving Cherokee, Cobb, Bartow, North Fulton, and Pickens Counties. Provides week's worth of groceries to individuals and families once every 3 months. By appointment only.",
    "services": ["Food Pantry"],
    "hours": "By appointment - call (770) 591-4707"
  },
  {
    "id": 99,
    "name": "Greater Community Church Of God In Christ",
    "address": "406 Roswell Street",
    "city": "Marietta",
    "state": "GA",
    "zipCode": "30060",
    "county": "Cobb",
    "latitude": 33.9621,
    "longitude": -84.5402,
    "phone": "(770) 590-8510",
    "website": "https://www.gccogic.org/",
    "description": "Food pantry serving Cobb County. ",
    "services": ["Food Pantry"],
    "hours": "2nd and 3rd Saturday: 10 AM - 1 PM"
  },
  {
    "id": 100,
    "name": "First Christian Church",
    "address": "569 Frasier St SE",
    "city": "Marietta",
    "state": "GA",
    "zipCode": "30060",
    "county": "Cobb",
    "latitude": 33.9489,
    "longitude": -84.5361,
    "phone": "(770) 428-3125",
    "website": "https://fccmarietta.org/",
    "description": "Food pantry serving Cobb County. ",
    "services": ["Food Pantry"],
    "hours": "Monday: 9 AM - 1 PM"
  },
  {
    "id": 101,
    "name": "Northwest Christian Church",
    "address": "3737 Dallas Acworth Hwy NW",
    "city": "Acworth",
    "state": "GA",
    "zipCode": "30101",
    "county": "Cherokee",
    "latitude": 34.061,
    "longitude": -84.7311,
    "phone": "(770) 425-2525",
    "website": "https://nwcc.net/",
    "description": "Food pantry serving Cherokee County. Bring identification.",
    "services": ["Food Pantry"],
    "hours": "Tuesday, Thursday: 9 AM - 12 PM"
  },
  {
    "id": 102,
    "name": "Canton First Baptist",
    "address": "1 Mission Point",
    "city": "Canton",
    "state": "GA",
    "zipCode": "30114",
    "county": "Cherokee",
    "latitude": 34.2698,
    "longitude": -84.4863,
    "phone": "(770) 479-5538",
    "website": "https://cantonfirstbaptist.org/",
    "description": "Food pantry serving canned and dry goods.",
    "services": ["Food Pantry"],
    "hours": "1st Saturday: 9 AM - 12 PM"
  },
  {
    "id": 103,
    "name": "Grace Community Resource Center",
    "address": "2170 Hwy 138 East",
    "city": "Stockbridge",
    "state": "GA",
    "zipCode": "30281",
    "county": "Henry",
    "latitude": 33.5492,
    "longitude": -84.2244,
    "phone": "(770) 474-8611",
    "website": "https://www.gcdiatl.org/",
    "description": "Food pantry serving Henry County residents. Call ahead to confirm hours.",
    "services": ["Food Pantry"],
    "hours": "Tuesday: 5:00 PM - 7:00 PM, Saturday: 9:00 AM - 12:00 PM"
  },
  {
    "id": 104,
    "name": "Locust Grove United Methodist Church",
    "address": "211 Peeksville Rd.",
    "city": "Locust Grove",
    "state": "GA",
    "zipCode": "30248",
    "county": "Henry",
    "phone": "(770) 957-9605",
    "website": "https://www.locustgroveumc.org/outreach",
    "description": "Food pantry serving the Locust Grove community.",
    "services": ["Food Pantry"],
    "hours": "Monday - Thursday: 9:00 AM - 3:00 PM",
    "latitude": 33.3514,
    "longitude": -84.1041
  },
  {
    "id": 105,
    "name": "Helping in His Name Ministries",
    "address": "85 Bellamy Place",
    "city": "Stockbridge",
    "state": "GA",
    "zipCode": "30281",
    "county": "Henry",
    "latitude": 33.5443,
    "longitude": -84.2338,
    "phone": "(678) 565-6135",
    "website": "https://helpinginhisname.org/",
    "description": "Ecumenical nonprofit providing emergency assistance to unemployed, underemployed, elderly, and single parents in Henry County. By appointment only.",
    "services": [
      "Food Pantry",
      "Emergency Assistance",
      "Case Management",
      "Clothing",
      "Housing Support",
      "Financial Assistance"
    ],
    "hours": "Monday, Wednesday, Friday: 9:00 AM - 11:30 AM, Tuesday: 5:30 PM - 6:30 PM, Thursday: 4:30 PM - 5:30 PM (by appointment only)"
  },
  {
    "id": 106,
    "name": "Ambassador Life Center",
    "address": "125 Rock Quarry Rd.",
    "city": "Stockbridge",
    "state": "GA",
    "zipCode": "30281",
    "county": "Henry",
    "phone": "(470) 771-3663",
    "website": "https://ambassadorslifecenter.org/",
    "description": "Non-profit food pantry helping fight hunger in the Stockbridge community.",
    "services": ["Food Pantry"],
    "hours": "Monday - Friday: 1:30 PM - 6:30 PM",
    "latitude": 33.5412,
    "longitude": -84.2257
  },
  {
    "id": 107,
    "name": "Good Samaritan Center",
    "address": "8366 Grady Street",
    "city": "Douglasville",
    "state": "GA",
    "zipCode": "30134",
    "county": "Douglas",
    "phone": "(770) 949-7335",
    "website": "https://www.goodsamaritan-center.org/",
    "description": "Faith-based organization offering food and emergency financial aid to Douglas County citizens in need since 1983. Photo ID required.",
    "services": ["Food Pantry", "Emergency Assistance", "Financial Assistance"],
    "hours": "Monday - Thursday: 9:00 AM - 12:30 PM, Thursday: 5:00 PM - 7:00 PM, Friday: 9:00 AM - 11:30 AM",
    "latitude": 33.7525,
    "longitude": -84.7392
  },
  {
    "id": 108,
    "name": "Sweetwater Mission",
    "address": "6130 Hotel Street",
    "city": "Austell",
    "state": "GA",
    "zipCode": "30106",
    "county": "Cobb",
    "phone": "(770) 819-0662",
    "website": "https://www.sweetwatermission.org/",
    "description": "Full-service client choice food pantry providing nutritious foods including meat and fresh produce. Photo ID and proof of residence required.",
    "services": ["Food Pantry", "Clothing"],
    "hours": "Monday - Thursday: 9:00 AM - 1:00 PM",
    "latitude": 33.8043,
    "longitude": -84.6404
  },
  {
    "id": 109,
    "name": "Columbia Drive United Methodist Church",
    "address": "2067 Columbia Dr.",
    "city": "Decatur",
    "state": "GA",
    "zipCode": "30032",
    "county": "DeKalb",
    "phone": "(404) 284-4151",
    "website": "https://www.cdumc.com/",
    "description": "Food pantry serving DeKalb County residents in zip codes 30032, 30033, 30034, 30035. Requires documentation.",
    "services": ["Food Pantry"],
    "hours": "Thursday: 11:00 AM - 1:00 PM",
    "latitude": 33.7612,
    "longitude": -84.2773
  },
  {
    "id": 110,
    "name": "Food4Life - Clarkston Distribution",
    "address": "Corner of East Ponce de Leon and Brockett Roads",
    "city": "Clarkston",
    "state": "GA",
    "zipCode": "30021",
    "county": "DeKalb",
    "latitude": 33.8191,
    "longitude": -84.2318,
    "phone": "(678) 616-1285",
    "website": "https://atlsurvival.org/food/",
    "description": "Atlanta Survival Program providing free groceries at Clarkston distribution site. No requirements or documentation needed. Welcome to all.",
    "services": ["Food Distribution", "Fresh Produce", "Community Support"],
    "hours": "Tuesday: 3:30 PM - 5:30 PM"
  },
  {
    "id": 111,
    "name": "Clifton United Methodist Church",
    "address": "2918 Clifton Church Rd SE",
    "city": "Atlanta",
    "state": "GA",
    "zipCode": "30316",
    "county": "DeKalb",
    "latitude": 33.7014,
    "longitude": -84.3006,
    "phone": "(404) 241-3388",
    "website": "https://www.cliftonumc.org/",
    "description": "Food pantry serving zip codes 30032, 30034, 30316. Proof of income required. Open 3rd Wednesday of each month.",
    "services": ["Food Pantry"],
    "hours": "3rd Wednesday: 10:00 AM - 12:30 PM"
  },
  {
    "id": 112,
    "name": "World Changers Church International",
    "address": "2500 Burdett Rd.",
    "city": "College Park",
    "state": "GA",
    "zipCode": "30349",
    "county": "Fulton",
    "latitude": 33.5949,
    "longitude": -84.4735,
    "phone": "(770) 210-5757",
    "website": "https://worldchangers.org/",
    "description": "Food pantry serving multiple metro Atlanta counties. Proof of residence, picture ID, and birth certificates for children under 18 required.",
    "services": ["Food Pantry"],
    "hours": "Wednesday: 10:00 AM - 11:30 AM"
  },
  {
    "id": 113,
    "name": "Friendship Community Church",
    "address": "4141 Old Fairburn Rd.",
    "city": "College Park",
    "state": "GA",
    "zipCode": "30349",
    "county": "Fulton",
    "phone": "(404) 349-6040",
    "website": "https://www.friendshipatl.org/",
    "description": "Food pantry serving multiple metro Atlanta counties including Fulton, Clayton, Cobb, DeKalb, Gwinnett, Henry, Paulding, and Rockdale.",
    "services": ["Food Pantry"],
    "hours": "Monday: 4:00 PM - 6:00 PM",
    "latitude": 33.6456,
    "longitude": -84.545
  },
  {
    "id": 114,
    "name": "Lighthouse Food Pantry",
    "address": "Dallas",
    "city": "Dallas",
    "state": "GA",
    "zipCode": "30132",
    "county": "Paulding",
    "phone": "(678) 363-7470",
    "website": "https://www.findhelp.org/",
    "description": "Food pantry serving Paulding County. Arrive by 11:45 AM at the latest to receive food.",
    "services": ["Food Pantry"],
    "hours": "Monday, Thursday, Friday: 10:00 AM - 12:00 PM",
    "latitude": 33.9189,
    "longitude": -84.8403
  },
  {
    "id": 115,
    "name": "All Nations Life and Praise Church",
    "address": "3060 Hwy 155",
    "city": "Stockbridge",
    "state": "GA",
    "zipCode": "30281",
    "county": "Henry",
    "phone": "(770) 474-2996",
    "website": "http://www.allnationslifepraise.org/home.html",
    "description": "Food pantry helping fight hunger in the Stockbridge community.",
    "services": ["Food Pantry"],
    "hours": "Sunday: 11 AM - 12 PM, Wednesday: 5 PM - 8 PM, Saturday: 9 AM - 11 AM",
    "latitude": 33.6163,
    "longitude": -84.1637
  },
  {
    "id": 116,
    "name": "DEAM (Decatur Emergency Assistance Ministry)",
    "address": "515 E Ponce de Leon Ave",
    "city": "Decatur",
    "state": "GA",
    "zipCode": "30030",
    "county": "DeKalb",
    "phone": "(404) 373-9283",
    "website": "https://deamdecatur.org/",
    "description": "Provides food and emergency assistance to DeKalb County residents. Appointments scheduled Monday, Tuesday, Thursday, Friday between 9:00-11:30 AM (closed Wednesday).",
    "services": ["Food Pantry", "Emergency Assistance"],
    "hours": "Monday, Tuesday, Thursday, Friday: 9:00 AM - 11:30 AM (by appointment)",
    "latitude": 33.7808,
    "longitude": -84.2883
  },
  {
    "id": 117,
    "name": "Hillside Presbyterian Church",
    "address": "1879 Columbia Drive",
    "city": "Decatur",
    "state": "GA",
    "zipCode": "30032",
    "county": "DeKalb",
    "phone": "(404) 289-3092",
    "website": "https://hillsidepresbyterian.org/",
    "description": "Food pantry services available at Hillside Presbyterian Church serving the Decatur community.",
    "services": ["Food Pantry"],
    "hours": "Tuesday: 1:00 PM - 3:00 PM",
    "latitude": 33.7369,
    "longitude": -84.2532
  },
  {
    "id": 118,
    "name": "Made For Bigger, Inc.",
    "address": "4209 Northeast Expy",
    "city": "Doraville",
    "state": "GA",
    "zipCode": "30340",
    "county": "DeKalb",
    "phone": "(470) 395-2104",
    "website": "https://www.madeforbigger.org",
    "description": "Community nonprofit hosting monthly grocery distributions (Proud Eats Food Pantry) and outreach programs.",
    "services": ["Food Pantry", "Grocery Distribution", "Community Outreach"],
    "hours": "Monthly distributions; check site or listings for next date",
    "latitude": 33.9053,
    "longitude": -84.2739
  },
  {
    "id": 119,
    "name": "The Salvation Army — Atlanta Peachcrest Corps",
    "address": "3500 Sherrydale Ln",
    "city": "Decatur",
    "state": "GA",
    "zipCode": "30032",
    "county": "DeKalb",
    "phone": "1-800-SAL-ARMY",
    "website": "https://southernusa.salvationarmy.org/atlanta-peachcrest/",
    "description": "Family & Social Services including a food pantry and seasonal hunger relief in DeKalb County.",
    "services": [
      "Food Pantry",
      "Hunger Relief",
      "Utility/Rent Assistance (seasonal)"
    ],
    "hours": "Food pantry open Mon, Tue, Thu, Fri (call for times)",
    "latitude": 33.7546,
    "longitude": -84.2683
  },
  {
    "id": 120,
    "name": "Wade Walker Park Family YMCA",
    "address": "5605 Rockbridge Rd",
    "city": "Stone Mountain",
    "state": "GA",
    "zipCode": "30088",
    "county": "DeKalb",
    "phone": "(678) 781-9622",
    "website": "https://ymcaatlanta.org/locations/wade-walker-park-family-ymca",
    "description": "YMCA branch that hosts recurring hunger-relief grocery distributions.",
    "services": [
      "Mobile Pantry / Drive-Through Distribution",
      "Youth & Family Programs"
    ],
    "hours": "1st & 3rd Friday each month, 11:30 AM – 1:00 PM (distribution)",
    "latitude": 33.7806,
    "longitude": -84.1671
  },
  {
    "id": 121,
    "name": "Omega Support Center",
    "address": "2001 Montreal Rd, Ste 100",
    "city": "Tucker",
    "state": "GA",
    "zipCode": "30084",
    "county": "DeKalb",
    "phone": "(678) 615-2390",
    "website": "http://www.omegasupportcenter.org",
    "description": "Community nonprofit providing mass food distributions and outreach; office open on select weekdays.",
    "services": [
      "Food Distribution",
      "Little Food Pantries",
      "Community Outreach"
    ],
    "hours": "Mon–Wed & Fri: 9:00 AM – 5:00 PM (distribution schedules vary)",
    "latitude": 33.8384,
    "longitude": -84.2239
  },
  {
    "id": 122,
    "name": "New Love Tabernacle Christian Church",
    "address": "5480 Browns Mill Rd",
    "city": "Stonecrest",
    "state": "GA",
    "zipCode": "30038",
    "county": "DeKalb",
    "phone": "(770) 981-0072",
    "website": "https://newlovetabernacle.org",
    "description": "Church that hosts community food distributions/food-bank events.",
    "services": ["Food Distribution Events", "Church & Community Outreach"],
    "hours": "Events scheduled as announced; check church site or call",
    "latitude": 33.6675,
    "longitude": -84.1454
  },
  {
    "id": 123,
    "name": "New Birth Missionary Baptist Church — The King’s Table",
    "address": "6400 Woodrow Rd",
    "city": "Stonecrest",
    "state": "GA",
    "zipCode": "30038",
    "county": "DeKalb",
    "phone": "(770) 696-9600",
    "website": "https://www.wearenewbirth.org/kings-table",
    "description": "New Birth’s King’s Table Food Ministry provides large-scale free grocery distributions for families.",
    "services": [
      "Food Pantry / Drive-Through Distribution",
      "Regional Distribution Hub"
    ],
    "hours": "1st & 3rd Saturday monthly, typically 9:00 AM (arrive early)",
    "latitude": 33.7077,
    "longitude": -84.1399
  },
  {
    "id": 124,
    "name": "Ray of Hope Christian Church",
    "address": "2778 Snapfinger Rd",
    "city": "Decatur",
    "state": "GA",
    "zipCode": "30034",
    "county": "DeKalb",
    "phone": "(770) 696-5100",
    "website": "https://www.rayofhope.org/",
    "description": "Church hosting periodic free food giveaway events for the community.",
    "services": ["Food Giveaway (periodic)", "Church & Community Outreach"],
    "hours": "Dates vary; recent events listed on site (e.g., Saturday 10:00 AM)",
    "latitude": 33.6997,
    "longitude": -84.1977
  },
  {
    "id": 125,
    "name": "God’s Life and Living Holiness Church of Jesus Christ",
    "address": "3837 Linecrest Rd",
    "city": "Ellenwood",
    "state": "GA",
    "zipCode": "30294",
    "county": "DeKalb",
    "phone": "(404) 244-5656",
    "website": "https://www.facebook.com/p/Gods-Life-and-Living-Holiness-Church-of-Jesus-Christ-100092838262686/",
    "description": "Church location used for community food pantry/giveaway events.",
    "services": [
      "Food Pantry / Food Giveaway (periodic)",
      "Church & Community Outreach"
    ],
    "hours": "Schedule varies; call for upcoming distributions",
    "latitude": 33.6625,
    "longitude": -84.2473
  }
]
